{
    "tenure": {
        "mean": 32.46944879646774,
        "std": 24.53496457545687
    },
    "MonthlyCharges": {
        "mean": 64.85189431704886,
        "std": 30.069000953612903
    },
    "ServiceCount": {
        "mean": 4.7212647770972795,
        "std": 4.020983337953495
    },
    "AvgMonthlySpend": {
        "mean": 59.11927057474275,
        "std": 30.535083113081793
    },
    "TotalCharges": {
        "mean": 2286.765026349523,
        "std": 2266.8550566867552
    }
}